-- phpMyAdmin SQL Dump
-- version 3.5.1
-- http://www.phpmyadmin.net
--
-- Хост: 127.0.0.1
-- Время создания: Янв 24 2013 г., 14:07
-- Версия сервера: 5.5.25
-- Версия PHP: 5.3.13

SET SQL_MODE="NO_AUTO_VALUE_ON_ZERO";
SET time_zone = "+00:00";


/*!40101 SET @OLD_CHARACTER_SET_CLIENT=@@CHARACTER_SET_CLIENT */;
/*!40101 SET @OLD_CHARACTER_SET_RESULTS=@@CHARACTER_SET_RESULTS */;
/*!40101 SET @OLD_COLLATION_CONNECTION=@@COLLATION_CONNECTION */;
/*!40101 SET NAMES utf8 */;

--
-- База данных: `hotel`
--

-- --------------------------------------------------------

--
-- Структура таблицы `hotel_admin`
--

CREATE TABLE IF NOT EXISTS `hotel_admin` (
  `admin_code` int(11) unsigned NOT NULL AUTO_INCREMENT COMMENT 'Идентификатор',
  `admin_name` varchar(200) NOT NULL DEFAULT '',
  `admin_login` varchar(200) NOT NULL DEFAULT '',
  `admin_pass` varchar(200) NOT NULL DEFAULT '',
  `admin_email` varchar(200) NOT NULL DEFAULT '',
  `admin_active` tinyint(4) NOT NULL DEFAULT '1' COMMENT 'Админ активен?',
  `admin_rstatic` tinyint(4) DEFAULT '0' COMMENT 'Права админа на управление статическими страницами',
  `admin_ralbum` tinyint(4) DEFAULT '0' COMMENT 'Права админа на управление альбомом',
  `admin_radmin` tinyint(4) DEFAULT '0' COMMENT 'Права админа на редактирование списка админов',
  PRIMARY KEY (`admin_code`)
) ENGINE=InnoDB  DEFAULT CHARSET=utf8 AUTO_INCREMENT=3 ;

--
-- Дамп данных таблицы `hotel_admin`
--

INSERT INTO `hotel_admin` (`admin_code`, `admin_name`, `admin_login`, `admin_pass`, `admin_email`, `admin_active`, `admin_rstatic`, `admin_ralbum`, `admin_radmin`) VALUES
(1, 'Юрий', 'gooman', 'b633e58ff7d328a069f54451d1685e0a', 'puklo24@gmail.com', 1, 1, 1, 1),
(2, 'Алексей', 'sevtrey', 'd8578edf8458ce06fbc5bb76a58c5ca4', 'sevtrey@gmail.com', 1, 1, 1, 1);

-- --------------------------------------------------------

--
-- Структура таблицы `hotel_picture`
--

CREATE TABLE IF NOT EXISTS `hotel_picture` (
  `picture_code` int(11) NOT NULL AUTO_INCREMENT,
  `static_code` int(11) NOT NULL,
  `picsmall` varchar(200) DEFAULT NULL,
  `picbig` varchar(200) DEFAULT NULL,
  `picpos` int(11) NOT NULL,
  `piccomment` text,
  PRIMARY KEY (`picture_code`)
) ENGINE=InnoDB  DEFAULT CHARSET=utf8 AUTO_INCREMENT=15 ;

--
-- Дамп данных таблицы `hotel_picture`
--

INSERT INTO `hotel_picture` (`picture_code`, `static_code`, `picsmall`, `picbig`, `picpos`, `piccomment`) VALUES
(1, 1, 'small1.jpg', 'big1.jpg', 1, 'Чернобыль'),
(2, 1, 'small2.jpg', 'big2.jpg', 2, ' Маяк'),
(3, 2, 'small3.jpg', 'big3.jpg', 3, 'жажа номер'),
(4, 2, 'small4.jpg', 'big4.jpg', 2, ''),
(5, 2, 'small5.jpg', 'big5.jpg', 1, ''),
(6, 8, 'small6.jpg', 'big6.jpg', 3, ''),
(7, 8, 'small7.jpg', 'big7.jpg', 2, ''),
(8, 8, 'small8.jpg', 'big8.jpg', 1, ''),
(9, 9, 'small9.jpg', 'big9.jpg', 3, ''),
(10, 9, 'small10.jpg', 'big10.jpg', 2, ''),
(11, 9, 'small11.jpg', 'big11.jpg', 1, ''),
(12, 10, 'small12.jpg', 'big12.jpg', 3, ''),
(13, 10, 'small13.jpg', 'big13.jpg', 2, ''),
(14, 10, 'small14.jpg', 'big14.jpg', 1, '');

-- --------------------------------------------------------

--
-- Структура таблицы `hotel_static`
--

CREATE TABLE IF NOT EXISTS `hotel_static` (
  `static_code` int(11) NOT NULL AUTO_INCREMENT,
  `static_title` varchar(200) NOT NULL DEFAULT '',
  `static_abstract` text NOT NULL COMMENT 'Краткий текст страницы',
  `static_text` text NOT NULL COMMENT 'Полный текст страницы',
  `static_seo_title` text,
  `static_seo_desc` text,
  `static_seo_key` text,
  `static_type` varchar(11) NOT NULL DEFAULT 'page' COMMENT 'Определает тип страницы (обычная страница или галерея)',
  PRIMARY KEY (`static_code`)
) ENGINE=InnoDB  DEFAULT CHARSET=utf8 AUTO_INCREMENT=11 ;

--
-- Дамп данных таблицы `hotel_static`
--

INSERT INTO `hotel_static` (`static_code`, `static_title`, `static_abstract`, `static_text`, `static_seo_title`, `static_seo_desc`, `static_seo_key`, `static_type`) VALUES
(1, 'Главная', '<p>\r\n<strong style="text-align: justify"><span style="font-size: 10pt; font-family: ''Trebuchet MS''; color: #5f859e">ДОСТУПНЫЙ ОТДЫХ В СЕВАСТОПОЛЕ</span></strong>\r\n</p>\r\n<p style="margin: 0in 0in 7.5pt; text-align: justify">\r\n<span style="font-size: 10pt; font-family: ''Trebuchet MS''">Вас приветствует частный гостевой дом\r\n&quot;Бухта Стрелецкая&quot;!</span><span style="font-size: 10pt; font-family: ''Trebuchet MS''; color: #5f859e"></span>\r\n</p>\r\n<p style="margin: 0in 0in 7.5pt; text-align: justify">\r\n<span style="font-size: 10pt; font-family: ''Trebuchet MS''">Крымское солнце и ласковое Черное море\r\nподарят вам незабываемые дни, а наш пансионат всегда готов прелложить Вам\r\nприятный отдых по доступной цене! Частный гостевой дом &quot;Бухта\r\nСтрелецкая&quot; находится в укромном, далеком от суеты, машин и толп людей в\r\nчастном секторе, и в то же время 10-15 мин. езды отделяют его от центра города.\r\nГостевой дом находится в непосредственной близости от заповедника\r\n&quot;Херносес Таврический&quot; и двух пляжей.</span>\r\n</p>\r\n<p style="text-align: justify; margin: 0in 0in 7.5pt">\r\n<span style="font-size: 10pt; font-family: ''Trebuchet MS''">Желаем Вам\r\nприятного отдыха в Крыму!</span>\r\n</p>\r\n', '<p style="text-align: justify">\r\n<strong><span style="font-size: 10pt; font-family: ''Trebuchet MS''; color: #5f859e">ГОСТЕВОЙ ДОМ &quot;БУХТА\r\nСТРЕЛЕЦКАЯ&quot;</span></strong>\r\n</p>\r\n<p style="margin: 0in 0in 7.5pt; text-align: start">\r\n<span style="font-size: 10pt; font-family: ''Trebuchet MS''">Новое\r\nдвухэтажное здание гостиницы включает 16 номеров - 8 трехместных, 8\r\n&nbsp;четырехместных. Общее количество мест в гостинице - 56.</span>\r\n</p>\r\n<p style="margin: 0in 0in 7.5pt; text-align: start">\r\n<span style="font-size: 10pt; font-family: ''Trebuchet MS''">Также\r\nотдыхающим предлагается утопающий в зелени каменный 2-х комнатный домик со\r\nвсеми удобствами (бойлер, ТВ, холодильник, туалет).</span>\r\n</p>\r\n<p style="margin: 0in 0in 7.5pt; text-align: start">\r\n<span style="font-size: 10pt; font-family: ''Trebuchet MS''">Условия\r\nпроживания: душевые, туалеты, умывальники находятся в отдельном санитарном\r\nблоке. Горячая и холодная вода постоянно. Питаются отдыхающие в собственной\r\nстоловой. Есть возможность для приготовления пищи самостоятельно.</span>\r\n</p>\r\n<p style="margin: 0in 0in 7.5pt; text-align: start">\r\n<span style="font-size: 10pt; font-family: ''Trebuchet MS''">На\r\nтерритории хостела: мангал, газон, беседка, клумбы, ТВ, много фруктовых\r\nдеревьев.</span>\r\n</p>\r\n<p style="margin: 0in 0in 7.5pt; text-align: start">\r\n<span style="font-size: 10pt; font-family: ''Trebuchet MS''">Городской\r\nпляж: мелкая галька, песок. На пляже - прокат гидроциклов, шезлонгов, бананов.&nbsp;</span>\r\n</p>\r\n', 'Главная', 'это главная страницаerrewtrtewrtwer', 'отель, севастополь, hotel, стрелецкая, бухта', 'page'),
(2, 'Галерея1', '', '', 'Галерея1', 'Фотографии доступных номеров.', 'номер, квартира, апартаменты, севастополь', 'gallery'),
(3, 'Цены', '', '<p style="margin: 0in 0in 7.5pt; text-align: justify">\r\n<strong style="color: #5f859e; font-family: ''Trebuchet MS''; font-size: 10pt">ПРАЙСЛИСТ</strong>\r\n</p>\r\n<table border="1" cellspacing="0" cellpadding="0" class="MsoTableGrid" style="border-collapse: collapse; border: none">\r\n	<tbody>\r\n		<tr>\r\n			<td width="128" style="width: 95.7pt; border: 1pt solid silver; padding: 0in 5.4pt">\r\n			<p style="margin: 0in 0in 7.5pt; text-align: center" align="center">\r\n			<strong><span style="font-size: 10pt; font-family: ''Trebuchet MS''">Номер</span></strong>\r\n			</p>\r\n			</td>\r\n			<td width="128" style="width: 95.7pt; border-style: solid solid solid none; border-top-color: silver; border-right-color: silver; border-bottom-color: silver; border-top-width: 1pt; border-right-width: 1pt; border-bottom-width: 1pt; padding: 0in 5.4pt">\r\n			<p style="margin: 0in 0in 7.5pt; text-align: center" align="center">\r\n			<strong><span style="font-size: 10pt; font-family: ''Trebuchet MS''">Характеристики</span></strong>\r\n			</p>\r\n			</td>\r\n			<td width="128" style="width: 95.7pt; border-style: solid solid solid none; border-top-color: silver; border-right-color: silver; border-bottom-color: silver; border-top-width: 1pt; border-right-width: 1pt; border-bottom-width: 1pt; padding: 0in 5.4pt">\r\n			<p style="margin: 0in 0in 7.5pt; text-align: center" align="center">\r\n			<strong><span style="font-size: 10pt; font-family: ''Trebuchet MS''">Расположение</span></strong>\r\n			</p>\r\n			</td>\r\n			<td width="128" style="width: 95.7pt; border-style: solid solid solid none; border-top-color: silver; border-right-color: silver; border-bottom-color: silver; border-top-width: 1pt; border-right-width: 1pt; border-bottom-width: 1pt; padding: 0in 5.4pt">\r\n			<p style="margin: 0in 0in 7.5pt; text-align: center" align="center">\r\n			<strong><span style="font-size: 10pt; font-family: ''Trebuchet MS''">Цена</span></strong>\r\n			</p>\r\n			</td>\r\n		</tr>\r\n		<tr>\r\n			<td width="128" style="width: 95.7pt; border-style: none solid solid; border-right-color: silver; border-bottom-color: silver; border-left-color: silver; border-right-width: 1pt; border-bottom-width: 1pt; border-left-width: 1pt; padding: 0in 5.4pt">\r\n			<p style="margin: 0in 0in 7.5pt; text-align: center" align="center">\r\n			<span style="font-size: 10pt; font-family: ''Trebuchet MS''">&nbsp;</span>\r\n			</p>\r\n			</td>\r\n			<td width="128" style="width: 95.7pt; border-style: none solid solid none; border-bottom-color: silver; border-bottom-width: 1pt; border-right-color: silver; border-right-width: 1pt; padding: 0in 5.4pt">\r\n			<p style="margin: 0in 0in 7.5pt; text-align: center" align="center">\r\n			<span style="font-size: 10pt; font-family: ''Trebuchet MS''">&nbsp;</span>\r\n			</p>\r\n			</td>\r\n			<td width="128" style="width: 95.7pt; border-style: none solid solid none; border-bottom-color: silver; border-bottom-width: 1pt; border-right-color: silver; border-right-width: 1pt; padding: 0in 5.4pt">\r\n			<p style="margin: 0in 0in 7.5pt; text-align: center" align="center">\r\n			<span style="font-size: 10pt; font-family: ''Trebuchet MS''">&nbsp;</span>\r\n			</p>\r\n			</td>\r\n			<td width="128" style="width: 95.7pt; border-style: none solid solid none; border-bottom-color: silver; border-bottom-width: 1pt; border-right-color: silver; border-right-width: 1pt; padding: 0in 5.4pt">\r\n			<p style="margin: 0in 0in 7.5pt; text-align: center" align="center">\r\n			<span style="font-size: 10pt; font-family: ''Trebuchet MS''">&nbsp;</span>\r\n			</p>\r\n			</td>\r\n		</tr>\r\n		<tr>\r\n			<td width="128" style="width: 95.7pt; border-style: none solid solid; border-right-color: silver; border-bottom-color: silver; border-left-color: silver; border-right-width: 1pt; border-bottom-width: 1pt; border-left-width: 1pt; padding: 0in 5.4pt">\r\n			<p style="margin: 0in 0in 7.5pt; text-align: center" align="center">\r\n			<span style="font-size: 10pt; font-family: ''Trebuchet MS''">&nbsp;</span>\r\n			</p>\r\n			</td>\r\n			<td width="128" style="width: 95.7pt; border-style: none solid solid none; border-bottom-color: silver; border-bottom-width: 1pt; border-right-color: silver; border-right-width: 1pt; padding: 0in 5.4pt">\r\n			<p style="margin: 0in 0in 7.5pt; text-align: center" align="center">\r\n			<span style="font-size: 10pt; font-family: ''Trebuchet MS''">&nbsp;</span>\r\n			</p>\r\n			</td>\r\n			<td width="128" style="width: 95.7pt; border-style: none solid solid none; border-bottom-color: silver; border-bottom-width: 1pt; border-right-color: silver; border-right-width: 1pt; padding: 0in 5.4pt">\r\n			<p style="margin: 0in 0in 7.5pt; text-align: center" align="center">\r\n			<span style="font-size: 10pt; font-family: ''Trebuchet MS''">&nbsp;</span>\r\n			</p>\r\n			</td>\r\n			<td width="128" style="width: 95.7pt; border-style: none solid solid none; border-bottom-color: silver; border-bottom-width: 1pt; border-right-color: silver; border-right-width: 1pt; padding: 0in 5.4pt">\r\n			<p style="margin: 0in 0in 7.5pt; text-align: center" align="center">\r\n			<span style="font-size: 10pt; font-family: ''Trebuchet MS''">&nbsp;</span>\r\n			</p>\r\n			</td>\r\n		</tr>\r\n		<tr style="height: 0.25in">\r\n			<td width="128" style="width: 95.7pt; border-style: none solid solid; border-right-color: silver; border-bottom-color: silver; border-left-color: silver; border-right-width: 1pt; border-bottom-width: 1pt; border-left-width: 1pt; padding: 0in 5.4pt; height: 0.25in">\r\n			<p style="margin: 0in 0in 7.5pt">\r\n			<span style="font-size: 10pt; font-family: ''Trebuchet MS''">&nbsp;</span>\r\n			</p>\r\n			</td>\r\n			<td width="128" style="width: 95.7pt; border-style: none solid solid none; border-bottom-color: silver; border-bottom-width: 1pt; border-right-color: silver; border-right-width: 1pt; padding: 0in 5.4pt; height: 0.25in">\r\n			<p style="margin: 0in 0in 7.5pt; text-align: center" align="center">\r\n			<span style="font-size: 10pt; font-family: ''Trebuchet MS''">&nbsp;</span>\r\n			</p>\r\n			</td>\r\n			<td width="128" style="width: 95.7pt; border-style: none solid solid none; border-bottom-color: silver; border-bottom-width: 1pt; border-right-color: silver; border-right-width: 1pt; padding: 0in 5.4pt; height: 0.25in">\r\n			<p style="margin: 0in 0in 7.5pt; text-align: center" align="center">\r\n			<span style="font-size: 10pt; font-family: ''Trebuchet MS''">&nbsp;</span>\r\n			</p>\r\n			</td>\r\n			<td width="128" style="width: 95.7pt; border-style: none solid solid none; border-bottom-color: silver; border-bottom-width: 1pt; border-right-color: silver; border-right-width: 1pt; padding: 0in 5.4pt; height: 0.25in">\r\n			<p style="margin: 0in 0in 7.5pt; text-align: center" align="center">\r\n			<span style="font-size: 10pt; font-family: ''Trebuchet MS''">&nbsp;</span>\r\n			</p>\r\n			</td>\r\n		</tr>\r\n		<tr style="height: 16.5pt">\r\n			<td width="128" style="width: 95.7pt; border-style: none solid solid; border-right-color: silver; border-bottom-color: silver; border-left-color: silver; border-right-width: 1pt; border-bottom-width: 1pt; border-left-width: 1pt; padding: 0in 5.4pt; height: 16.5pt">\r\n			<p style="margin: 0in 0in 7.5pt">\r\n			<span style="font-size: 10pt; font-family: ''Trebuchet MS''">&nbsp;</span>\r\n			</p>\r\n			</td>\r\n			<td width="128" style="width: 95.7pt; border-style: none solid solid none; border-bottom-color: silver; border-bottom-width: 1pt; border-right-color: silver; border-right-width: 1pt; padding: 0in 5.4pt; height: 16.5pt">\r\n			<p style="margin: 0in 0in 7.5pt; text-align: center" align="center">\r\n			<span style="font-size: 10pt; font-family: ''Trebuchet MS''">&nbsp;</span>\r\n			</p>\r\n			</td>\r\n			<td width="128" style="width: 95.7pt; border-style: none solid solid none; border-bottom-color: silver; border-bottom-width: 1pt; border-right-color: silver; border-right-width: 1pt; padding: 0in 5.4pt; height: 16.5pt">\r\n			<p style="margin: 0in 0in 7.5pt; text-align: center" align="center">\r\n			<span style="font-size: 10pt; font-family: ''Trebuchet MS''">&nbsp;</span>\r\n			</p>\r\n			</td>\r\n			<td width="128" style="width: 95.7pt; border-style: none solid solid none; border-bottom-color: silver; border-bottom-width: 1pt; border-right-color: silver; border-right-width: 1pt; padding: 0in 5.4pt; height: 16.5pt">\r\n			<p style="margin: 0in 0in 7.5pt; text-align: center" align="center">\r\n			<span style="font-size: 10pt; font-family: ''Trebuchet MS''">&nbsp;</span>\r\n			</p>\r\n			</td>\r\n		</tr>\r\n		<tr style="height: 15pt">\r\n			<td width="128" style="width: 95.7pt; border-style: none solid solid; border-right-color: silver; border-bottom-color: silver; border-left-color: silver; border-right-width: 1pt; border-bottom-width: 1pt; border-left-width: 1pt; padding: 0in 5.4pt; height: 15pt">\r\n			<p style="margin: 0in 0in 7.5pt">\r\n			<span style="font-size: 10pt; font-family: ''Trebuchet MS''">&nbsp;</span>\r\n			</p>\r\n			</td>\r\n			<td width="128" style="width: 95.7pt; border-style: none solid solid none; border-bottom-color: silver; border-bottom-width: 1pt; border-right-color: silver; border-right-width: 1pt; padding: 0in 5.4pt; height: 15pt">\r\n			<p style="margin: 0in 0in 7.5pt; text-align: center" align="center">\r\n			<span style="font-size: 10pt; font-family: ''Trebuchet MS''">&nbsp;</span>\r\n			</p>\r\n			</td>\r\n			<td width="128" style="width: 95.7pt; border-style: none solid solid none; border-bottom-color: silver; border-bottom-width: 1pt; border-right-color: silver; border-right-width: 1pt; padding: 0in 5.4pt; height: 15pt">\r\n			<p style="margin: 0in 0in 7.5pt; text-align: center" align="center">\r\n			<span style="font-size: 10pt; font-family: ''Trebuchet MS''">&nbsp;</span>\r\n			</p>\r\n			</td>\r\n			<td width="128" style="width: 95.7pt; border-style: none solid solid none; border-bottom-color: silver; border-bottom-width: 1pt; border-right-color: silver; border-right-width: 1pt; padding: 0in 5.4pt; height: 15pt">\r\n			<p style="margin: 0in 0in 7.5pt; text-align: center" align="center">\r\n			<span style="font-size: 10pt; font-family: ''Trebuchet MS''">&nbsp;</span>\r\n			</p>\r\n			</td>\r\n		</tr>\r\n		<tr style="height: 22.5pt">\r\n			<td width="128" style="width: 95.7pt; border-style: none solid solid; border-right-color: silver; border-bottom-color: silver; border-left-color: silver; border-right-width: 1pt; border-bottom-width: 1pt; border-left-width: 1pt; padding: 0in 5.4pt; height: 22.5pt">\r\n			<p style="margin: 0in 0in 7.5pt">\r\n			<span style="font-size: 10pt; font-family: ''Trebuchet MS''">&nbsp;</span>\r\n			</p>\r\n			</td>\r\n			<td width="128" style="width: 95.7pt; border-style: none solid solid none; border-bottom-color: silver; border-bottom-width: 1pt; border-right-color: silver; border-right-width: 1pt; padding: 0in 5.4pt; height: 22.5pt">\r\n			<p style="margin: 0in 0in 7.5pt; text-align: center" align="center">\r\n			<span style="font-size: 10pt; font-family: ''Trebuchet MS''">&nbsp;</span>\r\n			</p>\r\n			</td>\r\n			<td width="128" style="width: 95.7pt; border-style: none solid solid none; border-bottom-color: silver; border-bottom-width: 1pt; border-right-color: silver; border-right-width: 1pt; padding: 0in 5.4pt; height: 22.5pt">\r\n			<p style="margin: 0in 0in 7.5pt; text-align: center" align="center">\r\n			<span style="font-size: 10pt; font-family: ''Trebuchet MS''">&nbsp;</span>\r\n			</p>\r\n			</td>\r\n			<td width="128" style="width: 95.7pt; border-style: none solid solid none; border-bottom-color: silver; border-bottom-width: 1pt; border-right-color: silver; border-right-width: 1pt; padding: 0in 5.4pt; height: 22.5pt">\r\n			<p style="margin: 0in 0in 7.5pt; text-align: center" align="center">\r\n			<span style="font-size: 10pt; font-family: ''Trebuchet MS''">&nbsp;</span>\r\n			</p>\r\n			</td>\r\n		</tr>\r\n		<tr style="height: 17.25pt">\r\n			<td width="128" style="width: 95.7pt; border-style: none solid solid; border-right-color: silver; border-bottom-color: silver; border-left-color: silver; border-right-width: 1pt; border-bottom-width: 1pt; border-left-width: 1pt; padding: 0in 5.4pt; height: 17.25pt">\r\n			<p style="margin: 0in 0in 7.5pt">\r\n			<span style="font-size: 10pt; font-family: ''Trebuchet MS''">&nbsp;</span>\r\n			</p>\r\n			</td>\r\n			<td width="128" style="width: 95.7pt; border-style: none solid solid none; border-bottom-color: silver; border-bottom-width: 1pt; border-right-color: silver; border-right-width: 1pt; padding: 0in 5.4pt; height: 17.25pt">\r\n			<p style="margin: 0in 0in 7.5pt; text-align: center" align="center">\r\n			<span style="font-size: 10pt; font-family: ''Trebuchet MS''">&nbsp;</span>\r\n			</p>\r\n			</td>\r\n			<td width="128" style="width: 95.7pt; border-style: none solid solid none; border-bottom-color: silver; border-bottom-width: 1pt; border-right-color: silver; border-right-width: 1pt; padding: 0in 5.4pt; height: 17.25pt">\r\n			<p style="margin: 0in 0in 7.5pt; text-align: center" align="center">\r\n			<span style="font-size: 10pt; font-family: ''Trebuchet MS''">&nbsp;</span>\r\n			</p>\r\n			</td>\r\n			<td width="128" style="width: 95.7pt; border-style: none solid solid none; border-bottom-color: silver; border-bottom-width: 1pt; border-right-color: silver; border-right-width: 1pt; padding: 0in 5.4pt; height: 17.25pt">\r\n			<p style="margin: 0in 0in 7.5pt; text-align: center" align="center">\r\n			<span style="font-size: 10pt; font-family: ''Trebuchet MS''">&nbsp;</span>\r\n			</p>\r\n			</td>\r\n		</tr>\r\n		<tr style="height: 15.75pt">\r\n			<td width="128" style="width: 95.7pt; border-style: none solid solid; border-right-color: silver; border-bottom-color: silver; border-left-color: silver; border-right-width: 1pt; border-bottom-width: 1pt; border-left-width: 1pt; padding: 0in 5.4pt; height: 15.75pt">\r\n			<p style="margin: 0in 0in 7.5pt">\r\n			<span style="font-size: 10pt; font-family: ''Trebuchet MS''">&nbsp;</span>\r\n			</p>\r\n			</td>\r\n			<td width="128" style="width: 95.7pt; border-style: none solid solid none; border-bottom-color: silver; border-bottom-width: 1pt; border-right-color: silver; border-right-width: 1pt; padding: 0in 5.4pt; height: 15.75pt">\r\n			<p style="margin: 0in 0in 7.5pt; text-align: center" align="center">\r\n			<span style="font-size: 10pt; font-family: ''Trebuchet MS''">&nbsp;</span>\r\n			</p>\r\n			</td>\r\n			<td width="128" style="width: 95.7pt; border-style: none solid solid none; border-bottom-color: silver; border-bottom-width: 1pt; border-right-color: silver; border-right-width: 1pt; padding: 0in 5.4pt; height: 15.75pt">\r\n			<p style="margin: 0in 0in 7.5pt; text-align: center" align="center">\r\n			<span style="font-size: 10pt; font-family: ''Trebuchet MS''">&nbsp;</span>\r\n			</p>\r\n			</td>\r\n			<td width="128" style="width: 95.7pt; border-style: none solid solid none; border-bottom-color: silver; border-bottom-width: 1pt; border-right-color: silver; border-right-width: 1pt; padding: 0in 5.4pt; height: 15.75pt">\r\n			<p style="margin: 0in 0in 7.5pt; text-align: center" align="center">\r\n			<span style="font-size: 10pt; font-family: ''Trebuchet MS''">&nbsp;</span>\r\n			</p>\r\n			</td>\r\n		</tr>\r\n		<tr style="height: 14.8pt">\r\n			<td width="128" style="width: 95.7pt; border-style: none solid solid; border-right-color: silver; border-bottom-color: silver; border-left-color: silver; border-right-width: 1pt; border-bottom-width: 1pt; border-left-width: 1pt; padding: 0in 5.4pt; height: 14.8pt">\r\n			<p style="margin: 0in 0in 7.5pt">\r\n			<span style="font-size: 10pt; font-family: ''Trebuchet MS''">&nbsp;</span>\r\n			</p>\r\n			</td>\r\n			<td width="128" style="width: 95.7pt; border-style: none solid solid none; border-bottom-color: silver; border-bottom-width: 1pt; border-right-color: silver; border-right-width: 1pt; padding: 0in 5.4pt; height: 14.8pt">\r\n			<p style="margin: 0in 0in 7.5pt; text-align: center" align="center">\r\n			<span style="font-size: 10pt; font-family: ''Trebuchet MS''">&nbsp;</span>\r\n			</p>\r\n			</td>\r\n			<td width="128" style="width: 95.7pt; border-style: none solid solid none; border-bottom-color: silver; border-bottom-width: 1pt; border-right-color: silver; border-right-width: 1pt; padding: 0in 5.4pt; height: 14.8pt">\r\n			<p style="margin: 0in 0in 7.5pt; text-align: center" align="center">\r\n			<span style="font-size: 10pt; font-family: ''Trebuchet MS''">&nbsp;</span>\r\n			</p>\r\n			</td>\r\n			<td width="128" style="width: 95.7pt; border-style: none solid solid none; border-bottom-color: silver; border-bottom-width: 1pt; border-right-color: silver; border-right-width: 1pt; padding: 0in 5.4pt; height: 14.8pt">\r\n			<p style="margin: 0in 0in 7.5pt; text-align: center" align="center">\r\n			<span style="font-size: 10pt; font-family: ''Trebuchet MS''">&nbsp;</span>\r\n			</p>\r\n			</td>\r\n		</tr>\r\n		<tr style="height: 12.55pt">\r\n			<td width="128" style="width: 95.7pt; border-style: none solid solid; border-right-color: silver; border-bottom-color: silver; border-left-color: silver; border-right-width: 1pt; border-bottom-width: 1pt; border-left-width: 1pt; padding: 0in 5.4pt; height: 12.55pt">\r\n			<p style="margin: 0in 0in 7.5pt">\r\n			<span style="font-size: 10pt; font-family: ''Trebuchet MS''">&nbsp;</span>\r\n			</p>\r\n			</td>\r\n			<td width="128" style="width: 95.7pt; border-style: none solid solid none; border-bottom-color: silver; border-bottom-width: 1pt; border-right-color: silver; border-right-width: 1pt; padding: 0in 5.4pt; height: 12.55pt">\r\n			<p style="margin: 0in 0in 7.5pt; text-align: center" align="center">\r\n			<span style="font-size: 10pt; font-family: ''Trebuchet MS''">&nbsp;</span>\r\n			</p>\r\n			</td>\r\n			<td width="128" style="width: 95.7pt; border-style: none solid solid none; border-bottom-color: silver; border-bottom-width: 1pt; border-right-color: silver; border-right-width: 1pt; padding: 0in 5.4pt; height: 12.55pt">\r\n			<p style="margin: 0in 0in 7.5pt; text-align: center" align="center">\r\n			<span style="font-size: 10pt; font-family: ''Trebuchet MS''">&nbsp;</span>\r\n			</p>\r\n			</td>\r\n			<td width="128" style="width: 95.7pt; border-style: none solid solid none; border-bottom-color: silver; border-bottom-width: 1pt; border-right-color: silver; border-right-width: 1pt; padding: 0in 5.4pt; height: 12.55pt">\r\n			<p style="margin: 0in 0in 7.5pt; text-align: center" align="center">\r\n			<span style="font-size: 10pt; font-family: ''Trebuchet MS''">&nbsp;</span>\r\n			</p>\r\n			</td>\r\n		</tr>\r\n		<tr style="height: 11.2pt">\r\n			<td width="128" style="width: 95.7pt; border-style: none solid solid; border-right-color: silver; border-bottom-color: silver; border-left-color: silver; border-right-width: 1pt; border-bottom-width: 1pt; border-left-width: 1pt; padding: 0in 5.4pt; height: 11.2pt">\r\n			<p style="margin: 0in 0in 7.5pt">\r\n			<span style="font-size: 10pt; font-family: ''Trebuchet MS''">&nbsp;</span>\r\n			</p>\r\n			</td>\r\n			<td width="128" style="width: 95.7pt; border-style: none solid solid none; border-bottom-color: silver; border-bottom-width: 1pt; border-right-color: silver; border-right-width: 1pt; padding: 0in 5.4pt; height: 11.2pt">\r\n			<p style="margin: 0in 0in 7.5pt; text-align: center" align="center">\r\n			<span style="font-size: 10pt; font-family: ''Trebuchet MS''">&nbsp;</span>\r\n			</p>\r\n			</td>\r\n			<td width="128" style="width: 95.7pt; border-style: none solid solid none; border-bottom-color: silver; border-bottom-width: 1pt; border-right-color: silver; border-right-width: 1pt; padding: 0in 5.4pt; height: 11.2pt">\r\n			<p style="margin: 0in 0in 7.5pt; text-align: center" align="center">\r\n			<span style="font-size: 10pt; font-family: ''Trebuchet MS''">&nbsp;</span>\r\n			</p>\r\n			</td>\r\n			<td width="128" style="width: 95.7pt; border-style: none solid solid none; border-bottom-color: silver; border-bottom-width: 1pt; border-right-color: silver; border-right-width: 1pt; padding: 0in 5.4pt; height: 11.2pt">\r\n			<p style="margin: 0in 0in 7.5pt; text-align: center" align="center">\r\n			<span style="font-size: 10pt; font-family: ''Trebuchet MS''">&nbsp;</span>\r\n			</p>\r\n			</td>\r\n		</tr>\r\n	</tbody>\r\n</table>\r\n', 'Цены номеров', 'Цены номеров хостела "Бухта Стрелецкая" представлены в виде наглядной таблицы с описанием доступных номеров.', 'цены, прайслист, отель у моря, севастополь, стрелецкая', 'page'),
(4, 'Контакты', '', '<p>\r\n<strong>Частный гостевой дом-хостел в Севастополе &quot;Бухта Стрелецкая&quot;</strong><br />\r\n<strong>Адрес:</strong>\r\n</p>\r\n<p>\r\n<strong>Телефон:</strong>&nbsp;+38 (099) 116-4000\r\n</p>\r\n<p>\r\n<strong>E-mail: </strong>buxtast@ya.ru\r\n</p>\r\n<p>\r\n<strong>ICQ:</strong> 24-27-90-128&nbsp;\r\n</p>\r\n', 'Контакты', 'Номера телефонов, схема проезда к хостелу "Бухта Стрелецкая" в Севастополе.', 'контакты, схема проезда, адрес, телефон, гостиница, севастополь', 'page'),
(5, 'Номера', '', '', 'Номера', '', '', 'page'),
(7, 'Фотоальбом', '', '', NULL, NULL, NULL, 'page'),
(8, 'Галерея2', '', '', 'Галерея2', 'Фотографии доступных номеров.', '', 'gallery'),
(9, 'Галерея3', '', '', 'Галерея3', 'Фотографии доступных номеров.', '', 'gallery'),
(10, 'Галерея4', '', '', 'Галерея4', 'Фотографии доступных номеров.', '', 'gallery');

/*!40101 SET CHARACTER_SET_CLIENT=@OLD_CHARACTER_SET_CLIENT */;
/*!40101 SET CHARACTER_SET_RESULTS=@OLD_CHARACTER_SET_RESULTS */;
/*!40101 SET COLLATION_CONNECTION=@OLD_COLLATION_CONNECTION */;
